id,category,line1,line2,correct_action
1,"fraud","もしもし検察庁ですが。","口座の残高を教えてください。","cut"
2,"fraud","警察の者ですが。","口座にいくら入っているか教えてください。","cut"
3,"fraud","役所の者ですが。","口座番号を読み上げてください。","cut"
4,"fraud","病院ですが。","キャッシュカードの暗証番号を教えてください。","cut"
5,"fraud","○○銀行ですが。","キャッシュカードを封筒に入れて渡してください。","cut"
6,"fraud","もしもし検察庁ですが。","ATMの前に行ってください。","cut"
7,"fraud","警察の者ですが。","こちらの指示どおりにATMを操作してください。","cut"
8,"fraud","役所の者ですが。","今すぐ現金を引き出して用意してください。","cut"
9,"fraud","病院ですが。","ご自宅に現金を取りに行きます。","cut"
10,"fraud","○○銀行ですが。","指定の口座にお金を振り込んでください。","cut"
11,"fraud","もしもし検察庁ですが。","手数料として現金を振り込んでください。","cut"
12,"fraud","警察の者ですが。","保釈金としてまとまったお金を用意してください。","cut"
13,"fraud","役所の者ですが。","家族に内緒で手続きしてください。","cut"
14,"fraud","病院ですが。","この電話は録音しないでください。","cut"
15,"fraud","○○銀行ですが。","カードを預かりますので封筒に入れてください。","cut"
16,"fraud","もしもし検察庁ですが。","暗証番号を書いたメモを同封してください。","cut"
17,"fraud","警察の者ですが。","スマホに届いた番号を読み上げてください。","cut"
18,"fraud","役所の者ですが。","セキュリティ解除のためコードを教えてください。","cut"
19,"fraud","病院ですが。","すぐにコンビニで電子マネーを購入してください。","cut"
20,"fraud","○○銀行ですが。","カードの裏面の番号を教えてください。","cut"
21,"fraud","もしもし検察庁ですが。","インターネットバンキングのIDとパスワードを教えてください。","cut"
22,"fraud","警察の者ですが。","パソコンを開いて遠隔操作を許可してください。","cut"
23,"fraud","役所の者ですが。","ご家族に代わって口座を管理します。カードを送ってください。","cut"
24,"fraud","病院ですが。","ご自宅の貴重品をまとめておいてください。取りに伺います。","cut"
25,"fraud","○○銀行ですが。","口座を安全な口座に移しますのでお金を移動してください。","cut"
26,"fraud","もしもし検察庁ですが。","この電話の内容は誰にも話さないでください。","cut"
27,"fraud","警察の者ですが。","家族にも絶対に言わないでください。","cut"
28,"fraud","役所の者ですが。","今日中に全額支払えば記録に残りません。","cut"
29,"fraud","病院ですが。","支払わなければ逮捕されます。","cut"
30,"fraud","○○銀行ですが。","支払えばすぐに事件は無かったことになります。","cut"
31,"fraud","もしもし検察庁ですが。","すべて私どもに任せてお金だけ用意してください。","cut"
32,"fraud","警察の者ですが。","キャッシュカードをハサミで切らずにそのまま渡してください。","cut"
33,"fraud","役所の者ですが。","安全のため新しい口座を作りますので、古い口座を空にしてください。","cut"
34,"fraud","病院ですが。","携帯電話を誰にも見せないでください。手続き中です。","cut"
35,"fraud","○○銀行ですが。","話を信じられないなら今すぐ振り込んで確かめてください。","cut"
36,"fraud","もしもし検察庁ですが。","録音されると困るのでメモは取らないでください。","cut"
37,"fraud","警察の者ですが。","お孫さんのために今すぐお金を振り込んでください。","cut"
38,"fraud","役所の者ですが。","名前を名乗らない方が安全なので詳しくは言えません。","cut"
39,"fraud","病院ですが。","こちらで代わりに署名しておきますからお金だけお願いします。","cut"
40,"fraud","○○銀行ですが。","税金を安くするため現金を預からせてください。","cut"
41,"fraud","もしもし検察庁ですが。","早くしないと口座が凍結しますので、今すぐ指定口座に振り込んでください。","cut"
42,"fraud","警察の者ですが。","すぐにキャッシュカードをポストに入れてください。回収します。","cut"
43,"fraud","役所の者ですが。","銀行員の前ではこの話をしないでください。邪魔されます。","cut"
44,"fraud","病院ですが。","あなた名義で新しい口座を作りますので印鑑と通帳を預けてください。","cut"
45,"fraud","○○銀行ですが。","記録に残らないよう現金で支払ってください。","cut"
46,"fraud","もしもし検察庁ですが。","警察には内緒で手続きしてください。こちらが本当の味方です。","cut"
47,"fraud","警察の者ですが。","定期預金を解約して全額移してください。","cut"
48,"fraud","役所の者ですが。","クレジットカードの利用限度額を教えてください。","cut"
49,"fraud","病院ですが。","すべてのカード情報をこちらで保管しますので教えてください。","cut"
50,"fraud","○○銀行ですが。","このままだと逮捕されますが今振り込めば止められます。","cut"
51,"normal","もしもし検察庁ですが。","先日の被害届について確認があります。","accept"
52,"normal","警察の者ですが。","落とし物が届いております。確認のためご連絡です。","accept"
53,"normal","役所の者ですが。","書類の内容に不備があり確認させていただきます。","accept"
54,"normal","病院ですが。","来週の診察の予約確認です。","accept"
55,"normal","○○銀行ですが。","通帳更新のお知らせです。","accept"
56,"normal","もしもし検察庁ですが。","事情聴取の日程調整についてご連絡しました。","accept"
57,"normal","警察の者ですが。","地域安全パトロールの案内です。","accept"
58,"normal","役所の者ですが。","介護保険の通知を送付しました。ご確認ください。","accept"
59,"normal","病院ですが。","お薬が準備できましたのでご連絡です。","accept"
60,"normal","○○銀行ですが。","口座名義変更の手続き書類が届いております。","accept"
61,"normal","もしもし検察庁ですが。","問い合わせいただいた件の返答です。","accept"
62,"normal","警察の者ですが。","迷子の方があなたの連絡先を申し出ています。","accept"
63,"normal","役所の者ですが。","固定資産税の納付書を発送いたしました。","accept"
64,"normal","病院ですが。","検査結果が出ましたのでお知らせです。","accept"
65,"normal","○○銀行ですが。","新しいキャッシュカードが到着しました。","accept"
66,"normal","もしもし検察庁ですが。","担当者が折り返し連絡いたします。","accept"
67,"normal","警察の者ですが。","交通安全講習の案内をお送りします。","accept"
68,"normal","役所の者ですが。","地域行事のお知らせです。","accept"
69,"normal","病院ですが。","先日の診察後の経過について伺いたく。","accept"
70,"normal","○○銀行ですが。","ATM利用時間の変更についてご案内です。","accept"
71,"normal","もしもし検察庁ですが。","呼び出し状の受取確認です。","accept"
72,"normal","警察の者ですが。","目撃情報について追加で伺いたいことがあります。","accept"
73,"normal","役所の者ですが。","住民票の写しの準備ができています。","accept"
74,"normal","病院ですが。","お会計に関する領収書の再発行が完了しました。","accept"
75,"normal","○○銀行ですが。","定期預金の満期のお知らせです。","accept"
76,"normal","もしもし検察庁ですが。","近日中に書類を発送しますのでご確認ください。","accept"
77,"normal","警察の者ですが。","先日のお問い合わせの追加説明です。","accept"
78,"normal","役所の者ですが。","行政サービス説明会のお知らせです。","accept"
79,"normal","病院ですが。","インフルエンザ予防接種の予約枠についてです。","accept"
80,"normal","○○銀行ですが。","口座閉鎖のご相談について折り返しました。","accept"
81,"fraud","もしもし検察庁ですが。","あなたの口座から不正送金が検出されました。すぐに全額引き出してください。","cut"
82,"fraud","警察の者ですが。","犯人グループに狙われています。安全な口座へ全額移してください。","cut"
83,"fraud","役所の者ですが。","あなたの受取人手当が発生しました。手数料をお払いください。","cut"
84,"fraud","病院ですが。","急な手術が必要です。デポジットとして現金を用意してください。","cut"
85,"fraud","○○銀行ですが。","カード情報が漏洩しています。新しいカードの配送手数料をお支払いください。","cut"
86,"fraud","もしもし検察庁ですが。","あなたの名義で詐欺被害が報告されました。示談金が必要です。","cut"
87,"fraud","警察の者ですが。","逮捕状が出ています。保釈金を今すぐお支払いください。","cut"
88,"fraud","役所の者ですが。","あなたの口座が凍結されます。解除料金をお振込ください。","cut"
89,"fraud","病院ですが。","医療ローンの審査手数料をお支払いください。","cut"
90,"fraud","○○銀行ですが。","セキュリティ強化費用としてご協力ください。","cut"
91,"normal","もしもし検察庁ですが。","供述調書の確認です。ご都合つきますか。","accept"
92,"normal","警察の者ですが。","本人確認のため、お名前と住所を教えていただけますか。","accept"
93,"normal","役所の者ですが。","給付金申請の書類が足りません。来庁をお願いします。","accept"
94,"normal","病院ですが。","持参していただく書類について確認があります。","accept"
95,"normal","○○銀行ですが。","相続手続きについてご相談があります。","accept"
96,"normal","もしもし検察庁ですが。","取り調べの日時を変更したくお電話しました。","accept"
97,"normal","警察の者ですが。","証拠品の受け取りについてお知らせです。","accept"
98,"normal","役所の者ですが。","手当支給日についてのお知らせです。","accept"
99,"normal","病院ですが。","入院手続きについてご説明します。","accept"
100,"normal","○○銀行ですが。","住宅ローン説明会のご案内です。","accept"
